"","Sample1","Sample2","Pi","Fst"
"1","1A","1A",0.0173355612212374,NA
"2","1B","1B",0.0156740961797192,NA
"3","3A","3A",0.0130580206369326,NA
"4","1A","1B",0.116817435857274,NA
"5","1A","3A",0.17039532612071,NA
"6","1B","3A",0.165367781676383,NA
"7","1B","1A",NA,0.198537145712422
"8","3A","1A",NA,0.307118182693312
"9","3A","1B",NA,0.299354798716439
