"","Subtype","no_fixed_RAVs","prop_fixed_RAVs","mean.percent_all","mean.percent_fixedOnly"
"1","1A",20,0.253164556962025,1.43291139240506,5.66
"2","1B",10,0.123456790123457,2.11481481481481,17.13
"3","3A",48,0.64,2.74133333333333,4.28333333333333
