"","Subtype","MeanFreq","MeanFreq_noFixed"
"1","1A",0.0169785014176738,0.00312182061105048
"2","1B",0.0237107456297853,0.00323649213391829
"3","3A",0.0292446080454937,0.00170136717579457
