"","Subtype","MeanFreq","MeanFreq_notFixed","Percent.samples.withRAVs"
"1","1A",0.0169785014176738,0.00312182061105048,65.842259006816
"2","1B",0.0237107456297853,0.00323649213391829,72.8395061728395
"3","3A",0.0285650680498572,0.00170096943107429,58.4615384615385
