"","type","Subtype","Type","Mean","SE"
"1","mean.1A","1A","Transition",0.00800011949440493,0.000105612054287815
"2","mean.1B","1B","Transition",0.00756225740489713,0.000275855370298211
"3","mean.3A","3A","Transition",0.00692481415201677,0.000209702144236891
"4","mean.tvs.1A","1A","Transversion",0.00144983651323706,4.51080344514255e-05
"5","mean.tvs.1B","1B","Transversion",0.00132780467805755,0.000115953177861456
"6","mean.tvs.3A","3A","Transversion",0.00122230230632455,8.83550706813676e-05
"7","mean.all.1A","1A","Total MV",0.00944995600741928,0.000114699770140404
"8","mean.all.1B","1B","Total MV",0.00889006208295468,0.000298894133763147
"9","mean.all.3A","3A","Total MV",0.00814711645834132,0.000227317743989264
